1	81	0	64voicePiano	PNO (AC.PIANO)
2	81	0	Bright Piano	PNO (AC.PIANO)
3	81	0	Classique	PNO (AC.PIANO)
4	81	0	Nice Piano	PNO (AC.PIANO)
5	81	0	Piano Thang	PNO (AC.PIANO)
6	81	0	Power Grand	PNO (AC.PIANO)
7	81	0	House Piano	TEK (TECHNO SYNTH)
8	81	0	E.Grand	PNO (AC.PIANO)
9	81	0	MIDIed Grand	PNO (AC.PIANO)
10	81	0	Piano Blend	PNO (AC.PIANO)
11	81	0	West Coast	EP (EL.PIANO)
12	81	0	PianoStrings	PNO (AC.PIANO)
13	81	0	Bs/Pno+Brs	CMB (COMBINATION)
14	81	0	Waterhodes	EP (EL.PIANO)
15	81	0	S.A.E.P.	EP (EL.PIANO)
16	81	0	SA Rhodes 1	EP (EL.PIANO)
17	81	0	SA Rhodes 2	EP (EL.PIANO)
18	81	0	Stiky Rhodes	EP (EL.PIANO)
19	81	0	Dig Rhodes	EP (EL.PIANO)
20	81	0	Nylon EPiano	EP (EL.PIANO)
21	81	0	Nylon Rhodes	EP (EL.PIANO)
22	81	0	Rhodes Mix	EP (EL.PIANO)
23	81	0	PsychoRhodes	EP (EL.PIANO)
24	81	0	Tremo Rhodes	EP (EL.PIANO)
25	81	0	MK-80 Rhodes	EP (EL.PIANO)
26	81	0	MK-80 Phaser	EP (EL.PIANO)
27	81	0	Delicate EP	EP (EL.PIANO)
28	81	0	Octa Rhodes1	EP (EL.PIANO)
29	81	0	Octa Rhodes2	EP (EL.PIANO)
30	81	0	JV Rhodes+	EP (EL.PIANO)
31	81	0	EP+Mod Pad	EP (EL.PIANO)
32	81	0	Mr.Mellow	EP (EL.PIANO)
33	81	0	Comp Clav	KEY (KEYBOARDS)
34	81	0	Klavinet	KEY (KEYBOARDS)
35	81	0	Winger Clav	KEY (KEYBOARDS)
36	81	0	Phaze Clav 1	KEY (KEYBOARDS)
37	81	0	Phaze Clav 2	KEY (KEYBOARDS)
38	81	0	Phuzz Clav	KEY (KEYBOARDS)
39	81	0	Chorus Clav	KEY (KEYBOARDS)
40	81	0	Claviduck	KEY (KEYBOARDS)
41	81	0	Velo-Rez Clv	KEY (KEYBOARDS)
42	81	0	Clavicembalo	KEY (KEYBOARDS)
43	81	0	Analog Clav1	KEY (KEYBOARDS)
44	81	0	Analog Clav2	KEY (KEYBOARDS)
45	81	0	Metal Clav	KEY (KEYBOARDS)
46	81	0	Full Stops	ORG (ORGAN)
47	81	0	Ballad B	ORG (ORGAN)
48	81	0	Mellow Bars	ORG (ORGAN)
49	81	0	AugerMentive	ORG (ORGAN)
50	81	0	Perky B	ORG (ORGAN)
51	81	0	The Big Spin	ORG (ORGAN)
52	81	0	Gospel Spin	ORG (ORGAN)
53	81	0	Roller Spin	ORG (ORGAN)
54	81	0	Rocker Spin	ORG (ORGAN)
55	81	0	Tone Wh.Solo	ORG (ORGAN)
56	81	0	Purple Spin	ORG (ORGAN)
57	81	0	60's LeadORG	ORG (ORGAN)
58	81	0	Assalt Organ	ORG (ORGAN)
59	81	0	D-50 Organ	ORG (ORGAN)
60	81	0	Cathedral	ORG (ORGAN)
61	81	0	Church Pipes	ORG (ORGAN)
62	81	0	Poly Key	SYN (OTHER SYNTH)
63	81	0	Poly Saws	SYN (OTHER SYNTH)
64	81	0	Poly Pulse	SYN (OTHER SYNTH)
65	81	0	Dual Profs	SYN (OTHER SYNTH)
66	81	0	Saw Mass	SYN (OTHER SYNTH)
67	81	0	Poly Split	SYN (OTHER SYNTH)
68	81	0	Poly Brass	SBR (SYNTH BRASS)
69	81	0	Stackoid	SYN (OTHER SYNTH)
70	81	0	Poly Rock	SYN (OTHER SYNTH)
71	81	0	D-50 Stack	BEL (BELL)
72	81	0	Fantasia JV	BEL (BELL)
73	81	0	Jimmee Dee	BEL (BELL)
74	81	0	Heavenals	BEL (BELL)
75	81	0	Mallet Pad	BEL (BELL)
76	81	0	Huff N Stuff	BEL (BELL)
77	81	0	Puff 1080	SYN (OTHER SYNTH)
78	81	0	BellVox 1080	BEL (BELL)
79	81	0	Fantasy Vox	BEL (BELL)
80	81	0	Square Keys	BEL (BELL)
81	81	0	Childlike	BEL (BELL)
82	81	0	Music Box	BEL (BELL)
83	81	0	Toy Box	BEL (BELL)
84	81	0	Wave Bells	BEL (BELL)
85	81	0	Tria Bells	BEL (BELL)
86	81	0	Beauty Bells	BEL (BELL)
87	81	0	Music Bells	BEL (BELL)
88	81	0	Pretty Bells	BEL (BELL)
89	81	0	Pulse Key	SYN (OTHER SYNTH)
90	81	0	Wide Tubular	BEL (BELL)
91	81	0	AmbienceVibe	MLT (MALLET)
92	81	0	Warm Vibes	MLT (MALLET)
93	81	0	Dyna Marimba	MLT (MALLET)
94	81	0	Bass Marimba	MLT (MALLET)
95	81	0	Nomad Perc	MLT (MALLET)
96	81	0	Ethno Metals	BEL (BELL)
97	81	0	Islands Mlt	MLT (MALLET)
98	81	0	Steelin Keys	MLT (MALLET)
99	81	0	Steel Drums	MLT (MALLET)
100	81	0	Voicey Pizz	STR (STRINGS)
101	81	0	Sitar	PLK (PLUCKED)
102	81	0	Drone Split	PLK (PLUCKED)
103	81	0	Ethnopluck	PLK (PLUCKED)
104	81	0	Jamisen	PLK (PLUCKED)
105	81	0	Dulcimer	PLK (PLUCKED)
106	81	0	East Melody	ETH (ETHNIC)
107	81	0	MandolinTrem	FRT (FRETTED)
108	81	0	Nylon Gtr	AGT (AC.GUITAR)
109	81	0	Gtr Strings	AGT (AC.GUITAR)
110	81	0	Steel Away	AGT (AC.GUITAR)
111	81	0	Heavenly Gtr	AGT (AC.GUITAR)
112	81	0	12str Gtr 1	AGT (AC.GUITAR)
113	81	0	12str Gtr 2	AGT (AC.GUITAR)
114	81	0	Jz Gtr Hall	EGT (EL.GUITAR)
115	81	0	LetterFrmPat	EGT (EL.GUITAR)
116	81	0	Jazz Scat	EGT (EL.GUITAR)
117	81	0	Lounge Gig	CMB (COMBINATION)
118	81	0	JC Strat	EGT (EL.GUITAR)
119	81	0	Twin Strats	EGT (EL.GUITAR)
120	81	0	JV Strat	EGT (EL.GUITAR)
121	81	0	Syn Strat	EGT (EL.GUITAR)
122	81	0	Rotary Gtr	EGT (EL.GUITAR)
123	81	0	Muted Gtr	EGT (EL.GUITAR)
124	81	0	SwitchOnMute	EGT (EL.GUITAR)
125	81	0	Power Trip	DGT (DIST.GUITAR)
126	81	0	Crunch Split	DGT (DIST.GUITAR)
127	81	0	Rezodrive	DGT (DIST.GUITAR)
128	81	0	RockYurSocks	DGT (DIST.GUITAR)
1	81	1	Dist Gtr 1	DGT (DIST.GUITAR)
2	81	1	Dist Gtr 2	DGT (DIST.GUITAR)
3	81	1	R&R Chunk	DGT (DIST.GUITAR)
4	81	1	Phripphuzz	DGT (DIST.GUITAR)
5	81	1	Grungeroni	DGT (DIST.GUITAR)
6	81	1	Black Widow	DGT (DIST.GUITAR)
7	81	1	Velo-Wah Gtr	EGT (EL.GUITAR)
8	81	1	Mod-Wah Gtr	DGT (DIST.GUITAR)
9	81	1	Pick Bass	BS (BASS)
10	81	1	Hip Bass	BS (BASS)
11	81	1	Perc.Bass	BS (BASS)
12	81	1	Homey Bass	BS (BASS)
13	81	1	Finger Bass	BS (BASS)
14	81	1	Nylon Bass	BS (BASS)
15	81	1	Ac.Upright	BS (BASS)
16	81	1	Wet Fretls	BS (BASS)
17	81	1	Fretls Dry	BS (BASS)
18	81	1	Slap Bass 1	BS (BASS)
19	81	1	Slap Bass 2	BS (BASS)
20	81	1	Slap Bass 3	BS (BASS)
21	81	1	Slap Bass 4	BS (BASS)
22	81	1	4 Pole Bass	SBS (SYNTH BASS)
23	81	1	Tick Bass	SBS (SYNTH BASS)
24	81	1	House Bass	SBS (SYNTH BASS)
25	81	1	Mondo Bass	SBS (SYNTH BASS)
26	81	1	Clk AnalogBs	SBS (SYNTH BASS)
27	81	1	Bass In Face	SBS (SYNTH BASS)
28	81	1	101 Bass	SBS (SYNTH BASS)
29	81	1	Noiz Bass	SBS (SYNTH BASS)
30	81	1	Super Jup Bs	SBS (SYNTH BASS)
31	81	1	Occitan Bass	SBS (SYNTH BASS)
32	81	1	Hugo Bass	SBS (SYNTH BASS)
33	81	1	Multi Bass	SBS (SYNTH BASS)
34	81	1	Moist Bass	SBS (SYNTH BASS)
35	81	1	BritelowBass	SBS (SYNTH BASS)
36	81	1	Untamed Bass	SBS (SYNTH BASS)
37	81	1	Rubber Bass	SBS (SYNTH BASS)
38	81	1	Stereoww Bs	SBS (SYNTH BASS)
39	81	1	Wonder Bass	SBS (SYNTH BASS)
40	81	1	Deep Bass	SBS (SYNTH BASS)
41	81	1	Super JX Bs	SBS (SYNTH BASS)
42	81	1	W<RED>-Bass	SBS (SYNTH BASS)
43	81	1	HI-Ring Bass	SBS (SYNTH BASS)
44	81	1	Euro Bass	SBS (SYNTH BASS)
45	81	1	SinusoidRave	SBS (SYNTH BASS)
46	81	1	Alternative	PLS (PULSATING)
47	81	1	Acid Line	PLS (PULSATING)
48	81	1	Auto TB-303	TEK (TECHNO SYNTH)
49	81	1	Hihat Tekno	TEK (TECHNO SYNTH)
50	81	1	Velo Tekno 1	TEK (TECHNO SYNTH)
51	81	1	Raggatronic	PLS (PULSATING)
52	81	1	Blade Racer	PLS (PULSATING)
53	81	1	S&H Pad	PLS (PULSATING)
54	81	1	Syncrosonix	PLS (PULSATING)
55	81	1	Fooled Again	PLS (PULSATING)
56	81	1	Alive	PLS (PULSATING)
57	81	1	Velo Tekno 2	TEK (TECHNO SYNTH)
58	81	1	Rezoid	TEK (TECHNO SYNTH)
59	81	1	Raverborg	TEK (TECHNO SYNTH)
60	81	1	Blow Hit	HIT (HIT&STAB)
61	81	1	Hammer Bell	BEL (BELL)
62	81	1	Seq Mallet	TEK (TECHNO SYNTH)
63	81	1	Intentions	TEK (TECHNO SYNTH)
64	81	1	Pick It	TEK (TECHNO SYNTH)
65	81	1	Analog Seq	TEK (TECHNO SYNTH)
66	81	1	Impact Vox	TEK (TECHNO SYNTH)
67	81	1	TeknoSoloVox	TEK (TECHNO SYNTH)
68	81	1	X-Mod Man	PLS (PULSATING)
69	81	1	Paz <==> Zap	PLS (PULSATING)
70	81	1	4 Hits 4 You	HIT (HIT&STAB)
71	81	1	Impact	HIT (HIT&STAB)
72	81	1	Phase Hit	HIT (HIT&STAB)
73	81	1	Tekno Hit 1	HIT (HIT&STAB)
74	81	1	Tekno Hit 2	HIT (HIT&STAB)
75	81	1	Tekno Hit 3	HIT (HIT&STAB)
76	81	1	Reverse Hit	HIT (HIT&STAB)
77	81	1	SquareLead 1	SLD (SOFT LEAD)
78	81	1	SquareLead 2	SLD (SOFT LEAD)
79	81	1	You and Luck	SLD (SOFT LEAD)
80	81	1	Belly Lead	SLD (SOFT LEAD)
81	81	1	WhistlinAtom	SLD (SOFT LEAD)
82	81	1	Edye Boost	HLD (HARD LEAD)
83	81	1	MG Solo	HLD (HARD LEAD)
84	81	1	FXM Saw Lead	HLD (HARD LEAD)
85	81	1	Sawteeth	HLD (HARD LEAD)
86	81	1	Smoothe	SLD (SOFT LEAD)
87	81	1	MG Lead	SLD (SOFT LEAD)
88	81	1	MG Interval	HLD (HARD LEAD)
89	81	1	Pulse Lead 1	HLD (HARD LEAD)
90	81	1	Pulse Lead 2	SLD (SOFT LEAD)
91	81	1	Little Devil	HLD (HARD LEAD)
92	81	1	Loud SynLead	HLD (HARD LEAD)
93	81	1	Analog Lead	HLD (HARD LEAD)
94	81	1	5th Lead	HLD (HARD LEAD)
95	81	1	Flute	FLT (FLUTE)
96	81	1	Piccolo	FLT (FLUTE)
97	81	1	VOX Flute	FLT (FLUTE)
98	81	1	Air Lead	FLT (FLUTE)
99	81	1	Pan Pipes	FLT (FLUTE)
100	81	1	Airplaaane	TEK (TECHNO SYNTH)
101	81	1	Taj Mahal	ETH (ETHNIC)
102	81	1	Raya Shaku	ETH (ETHNIC)
103	81	1	Oboe mf	WND (WIND)
104	81	1	Oboe Express	WND (WIND)
105	81	1	Clarinet mp	WND (WIND)
106	81	1	ClariExpress	WND (WIND)
107	81	1	Mitzva Split	WND (WIND)
108	81	1	ChamberWinds	WND (WIND)
109	81	1	ChamberWoods	WND (WIND)
110	81	1	Film Orch	ORC (ORCHESTRA)
111	81	1	Sop.Sax mf	SAX (SAX)
112	81	1	Alto Sax	SAX (SAX)
113	81	1	AltoLead Sax	SAX (SAX)
114	81	1	Tenor Sax	SAX (SAX)
115	81	1	Baritone Sax	SAX (SAX)
116	81	1	Take A Tenor	SAX (SAX)
117	81	1	Sax Section	SAX (SAX)
118	81	1	Bigband Sax	SAX (SAX)
119	81	1	Harmonica	HRM (HARMONICA)
120	81	1	Harmo Blues	HRM (HARMONICA)
121	81	1	BluesHarp	HRM (HARMONICA)
122	81	1	Hillbillys	CMB (COMBINATION)
123	81	1	French Bags	ETH (ETHNIC)
124	81	1	Majestic Tpt	BRS (AC.BRASS)
125	81	1	Voluntare	BRS (AC.BRASS)
126	81	1	2Trumpets	BRS (AC.BRASS)
127	81	1	Tpt Sect	BRS (AC.BRASS)
128	81	1	Mute TP mod	BRS (AC.BRASS)
1	81	2	Harmon Mute	BRS (AC.BRASS)
2	81	2	Tp&Sax Sect	BRS (AC.BRASS)
3	81	2	Sax+Tp+Tb	BRS (AC.BRASS)
4	81	2	Brass Sect	BRS (AC.BRASS)
5	81	2	Trombone	BRS (AC.BRASS)
6	81	2	Hybrid Bones	BRS (AC.BRASS)
7	81	2	Noble Horns	BRS (AC.BRASS)
8	81	2	Massed Horns	BRS (AC.BRASS)
9	81	2	Horn Swell	BRS (AC.BRASS)
10	81	2	Brass It!	SBR (SYNTH BRASS)
11	81	2	Brass Attack	SBR (SYNTH BRASS)
12	81	2	Archimede	SBR (SYNTH BRASS)
13	81	2	Rugby Horn	SBR (SYNTH BRASS)
14	81	2	MKS-80 Brass	SBR (SYNTH BRASS)
15	81	2	True ANALOG	SBR (SYNTH BRASS)
16	81	2	Dark Vox	VOX (VOX)
17	81	2	RandomVowels	VOX (VOX)
18	81	2	Angels Sing	VOX (VOX)
19	81	2	Pvox Oooze	VOX (VOX)
20	81	2	Longing...	VOX (VOX)
21	81	2	Arasian Morn	VOX (VOX)
22	81	2	Beauty Vox	VOX (VOX)
23	81	2	Mary-AnneVox	VOX (VOX)
24	81	2	Belltree Vox	VOX (VOX)
25	81	2	Vox Panner	VOX (VOX)
26	81	2	Spaced Voxx	VOX (VOX)
27	81	2	Glass Voices	VOX (VOX)
28	81	2	Tubular Vox	VOX (VOX)
29	81	2	Velo Voxx	VOX (VOX)
30	81	2	Wavox	VOX (VOX)
31	81	2	Doos	VOX (VOX)
32	81	2	Synvox Comps	VOX (VOX)
33	81	2	Vocal Oohz	VOX (VOX)
34	81	2	LFO Vox	PLS (PULSATING)
35	81	2	St.Strings	STR (STRINGS)
36	81	2	Warm Strings	STR (STRINGS)
37	81	2	Somber Str	STR (STRINGS)
38	81	2	Marcato	STR (STRINGS)
39	81	2	Bright Str	STR (STRINGS)
40	81	2	String Ens	STR (STRINGS)
41	81	2	TremoloStrng	STR (STRINGS)
42	81	2	Chambers	STR (STRINGS)
43	81	2	ViolinCello	STR (STRINGS)
44	81	2	Symphonique	ORC (ORCHESTRA)
45	81	2	Film Octaves	STR (STRINGS)
46	81	2	Film Layers	ORC (ORCHESTRA)
47	81	2	Bass Pizz	STR (STRINGS)
48	81	2	Real Pizz	STR (STRINGS)
49	81	2	Harp On It	PLK (PLUCKED)
50	81	2	Harp	PLK (PLUCKED)
51	81	2	JP-8 Str 1	STR (STRINGS)
52	81	2	JP-8 Str 2	STR (STRINGS)
53	81	2	E-Motion Pad	SPD (SOFT PAD)
54	81	2	JP-8 Str 3	STR (STRINGS)
55	81	2	Vintage Orch	BPD (BRIGHT PAD)
56	81	2	JUNO Strings	BPD (BRIGHT PAD)
57	81	2	Gigantalog	BPD (BRIGHT PAD)
58	81	2	PWM Strings	BPD (BRIGHT PAD)
59	81	2	Warmth	SPD (SOFT PAD)
60	81	2	ORBit Pad	SPD (SOFT PAD)
61	81	2	Deep Strings	STR (STRINGS)
62	81	2	Pulsify	SPD (SOFT PAD)
63	81	2	Pulse Pad	SPD (SOFT PAD)
64	81	2	Greek Power	BPD (BRIGHT PAD)
65	81	2	Harmonicum	BPD (BRIGHT PAD)
66	81	2	D-50 Heaven	BPD (BRIGHT PAD)
67	81	2	Afro Horns	SBR (SYNTH BRASS)
68	81	2	Pop Pad	SPD (SOFT PAD)
69	81	2	Dreamesque	SPD (SOFT PAD)
70	81	2	Square Pad	SPD (SOFT PAD)
71	81	2	JP-8 Hollow	SPD (SOFT PAD)
72	81	2	JP-8Haunting	SPD (SOFT PAD)
73	81	2	Heirborne	BPD (BRIGHT PAD)
74	81	2	Hush Pad	BPD (BRIGHT PAD)
75	81	2	Jet Pad 1	SPD (SOFT PAD)
76	81	2	Jet Pad 2	SPD (SOFT PAD)
77	81	2	Phaze Pad	SPD (SOFT PAD)
78	81	2	Phaze Str	SPD (SOFT PAD)
79	81	2	Jet Str Ens	SPD (SOFT PAD)
80	81	2	Pivotal Pad	BPD (BRIGHT PAD)
81	81	2	3D Flanged	SPD (SOFT PAD)
82	81	2	Fantawine	BPD (BRIGHT PAD)
83	81	2	Glassy Pad	SPD (SOFT PAD)
84	81	2	Moving Glass	SPD (SOFT PAD)
85	81	2	Glasswaves	SPD (SOFT PAD)
86	81	2	Shiny Pad	SPD (SOFT PAD)
87	81	2	ShiftedGlass	SPD (SOFT PAD)
88	81	2	Chime Pad	SPD (SOFT PAD)
89	81	2	Spin Pad	SPD (SOFT PAD)
90	81	2	Rotary Pad	SPD (SOFT PAD)
91	81	2	Dawn 2 Dusk	SPD (SOFT PAD)
92	81	2	Aurora	SPD (SOFT PAD)
93	81	2	Strobe Mode	PLS (PULSATING)
94	81	2	Albion	PLS (PULSATING)
95	81	2	Running Pad	PLS (PULSATING)
96	81	2	Stepped Pad	PLS (PULSATING)
97	81	2	Random Pad	PLS (PULSATING)
98	81	2	SoundtrkDANC	PLS (PULSATING)
99	81	2	Flying Waltz	PLS (PULSATING)
100	81	2	Vanishing	FX (SYNTH FX)
101	81	2	5th Sweep	BPD (BRIGHT PAD)
102	81	2	Phazweep	PLS (PULSATING)
103	81	2	Big BPF	TEK (TECHNO SYNTH)
104	81	2	MG Sweep	BPD (BRIGHT PAD)
105	81	2	CeremonyTimp	PRC (PERCUSSION)
106	81	2	Dyno Toms	PRC (PERCUSSION)
107	81	2	Sands ofTime	FX (SYNTH FX)
108	81	2	Inertia	FX (SYNTH FX)
109	81	2	Vektogram	FX (SYNTH FX)
110	81	2	Crash Pad	FX (SYNTH FX)
111	81	2	Feedback VOX	FX (SYNTH FX)
112	81	2	Cascade	FX (SYNTH FX)
113	81	2	Shattered	FX (SYNTH FX)
114	81	2	NextFrontier	FX (SYNTH FX)
115	81	2	Pure Tibet	FX (SYNTH FX)
116	81	2	Chime Wash	FX (SYNTH FX)
117	81	2	Night Shade	FX (SYNTH FX)
118	81	2	Tortured	FX (SYNTH FX)
119	81	2	Dissimilate	FX (SYNTH FX)
120	81	2	Dunes	FX (SYNTH FX)
121	81	2	Ocean Floor	FX (SYNTH FX)
122	81	2	Cyber Space	FX (SYNTH FX)
123	81	2	Biosphere	FX (SYNTH FX)
124	81	2	Variable Run	FX (SYNTH FX)
125	81	2	Ice Hall	FX (SYNTH FX)
126	81	2	ComputerRoom	FX (SYNTH FX)
127	81	2	Inverted	FX (SYNTH FX)
128	81	2	Terminate	FX (SYNTH FX)
1	81	3	Piano 1	PNO (AC.PIANO)
2	81	3	Piano 2	PNO (AC.PIANO)
3	81	3	Piano 3	PNO (AC.PIANO)
4	81	3	Honky-tonk	PNO (AC.PIANO)
5	81	3	E.Piano 1	EP (EL.PIANO)
6	81	3	E.Piano 2	EP (EL.PIANO)
7	81	3	Harpsichord	KEY (KEYBOARDS)
8	81	3	Clav.	KEY (KEYBOARDS)
9	81	3	Celesta	KEY (KEYBOARDS)
10	81	3	Glockenspiel	BEL (BELL)
11	81	3	Music Box	BEL (BELL)
12	81	3	Vibraphone	MLT (MALLET)
13	81	3	Marimba	MLT (MALLET)
14	81	3	Xylophone	MLT (MALLET)
15	81	3	Tubular-bell	BEL (BELL)
16	81	3	Santur	PLK (PLUCKED)
17	81	3	Organ 1	ORG (ORGAN)
18	81	3	Organ 2	ORG (ORGAN)
19	81	3	Organ 3	ORG (ORGAN)
20	81	3	Church Org.1	ORG (ORGAN)
21	81	3	Reed Organ	ORG (ORGAN)
22	81	3	Accordion Fr	ACD (ACCORDION)
23	81	3	Harmonica	HRM (HARMONICA)
24	81	3	Bandoneon	ACD (ACCORDION)
25	81	3	Nylon-str.Gt	AGT (AC.GUITAR)
26	81	3	Steel-str.Gt	AGT (AC.GUITAR)
27	81	3	Jazz Gt.	EGT (EL.GUITAR)
28	81	3	Clean Gt.	EGT (EL.GUITAR)
29	81	3	Muted Gt.	EGT (EL.GUITAR)
30	81	3	Overdrive Gt	DGT (DIST.GUITAR)
31	81	3	DistortionGt	DGT (DIST.GUITAR)
32	81	3	Gt.Harmonics	EGT (EL.GUITAR)
33	81	3	Acoustic Bs.	BS (BASS)
34	81	3	Fingered Bs.	BS (BASS)
35	81	3	Picked Bs.	BS (BASS)
36	81	3	Fretless Bs.	BS (BASS)
37	81	3	Slap Bass 1	BS (BASS)
38	81	3	Slap Bass 2	BS (BASS)
39	81	3	Synth Bass 1	SBS (SYNTH BASS)
40	81	3	Synth Bass 2	SBS (SYNTH BASS)
41	81	3	Violin	STR (STRINGS)
42	81	3	Viola	STR (STRINGS)
43	81	3	Cello	STR (STRINGS)
44	81	3	Contrabass	STR (STRINGS)
45	81	3	Tremolo Str	STR (STRINGS)
46	81	3	PizzicatoStr	STR (STRINGS)
47	81	3	Harp	PLK (PLUCKED)
48	81	3	Timpani	PRC (PERCUSSION)
49	81	3	Strings	STR (STRINGS)
50	81	3	Slow Strings	STR (STRINGS)
51	81	3	Syn.Strings1	SPD (SOFT PAD)
52	81	3	Syn.Strings2	SPD (SOFT PAD)
53	81	3	Choir Aahs	VOX (VOX)
54	81	3	Voice Oohs	VOX (VOX)
55	81	3	SynVox	VOX (VOX)
56	81	3	OrchestraHit	HIT (HIT&STAB)
57	81	3	Trumpet	BRS (AC.BRASS)
58	81	3	Trombone	BRS (AC.BRASS)
59	81	3	Tuba	BRS (AC.BRASS)
60	81	3	MutedTrumpet	BRS (AC.BRASS)
61	81	3	French Horn	BRS (AC.BRASS)
62	81	3	Brass 1	BRS (AC.BRASS)
63	81	3	Synth Brass1	SBR (SYNTH BRASS)
64	81	3	Synth Brass2	SBR (SYNTH BRASS)
65	81	3	Soprano Sax	SAX (SAX)
66	81	3	Alto Sax	SAX (SAX)
67	81	3	Tenor Sax	SAX (SAX)
68	81	3	Baritone Sax	SAX (SAX)
69	81	3	Oboe	WND (WIND)
70	81	3	English Horn	WND (WIND)
71	81	3	Bassoon	WND (WIND)
72	81	3	Clarinet	WND (WIND)
73	81	3	Piccolo	FLT (FLUTE)
74	81	3	Flute	FLT (FLUTE)
75	81	3	Recorder	FLT (FLUTE)
76	81	3	Pan Flute	FLT (FLUTE)
77	81	3	Bottle Blow	FLT (FLUTE)
78	81	3	Shakuhachi	ETH (ETHNIC)
79	81	3	Whistle	FLT (FLUTE)
80	81	3	Ocarina	FLT (FLUTE)
81	81	3	Square Wave	HLD (HARD LEAD)
82	81	3	Saw Wave	HLD (HARD LEAD)
83	81	3	Syn.Calliope	SLD (SOFT LEAD)
84	81	3	Chiffer Lead	SLD (SOFT LEAD)
85	81	3	Charang	HLD (HARD LEAD)
86	81	3	Solo Vox	SLD (SOFT LEAD)
87	81	3	5th Saw Wave	HLD (HARD LEAD)
88	81	3	Bass & Lead	HLD (HARD LEAD)
89	81	3	Fantasia	SYN (OTHER SYNTH)
90	81	3	Warm Pad	SPD (SOFT PAD)
91	81	3	Polysynth	SYN (OTHER SYNTH)
92	81	3	Space Voice	VOX (VOX)
93	81	3	Bowed Glass	SPD (SOFT PAD)
94	81	3	Metal Pad	BPD (BRIGHT PAD)
95	81	3	Halo Pad	BPD (BRIGHT PAD)
96	81	3	Sweep Pad	SPD (SOFT PAD)
97	81	3	Ice Rain	SYN (OTHER SYNTH)
98	81	3	Soundtrack	SPD (SOFT PAD)
99	81	3	Crystal	BEL (BELL)
100	81	3	Atmosphere	AGT (AC.GUITAR)
101	81	3	Brightness	SYN (OTHER SYNTH)
102	81	3	Goblin	PLS (PULSATING)
103	81	3	Echo Drops	BPD (BRIGHT PAD)
104	81	3	Star Theme	BPD (BRIGHT PAD)
105	81	3	Sitar	PLK (PLUCKED)
106	81	3	Banjo	FRT (FRETTED)
107	81	3	Shamisen	PLK (PLUCKED)
108	81	3	Koto	PLK (PLUCKED)
109	81	3	Kalimba	PLK (PLUCKED)
110	81	3	Bag Pipe	ETH (ETHNIC)
111	81	3	Fiddle	STR (STRINGS)
112	81	3	Shanai	ETH (ETHNIC)
113	81	3	Tinkle Bell	BEL (BELL)
114	81	3	Agogo	PRC (PERCUSSION)
115	81	3	Steel Drums	MLT (MALLET)
116	81	3	Woodblock	PRC (PERCUSSION)
117	81	3	Taiko	PRC (PERCUSSION)
118	81	3	Melo. Tom 1	PRC (PERCUSSION)
119	81	3	Synth Drum	PRC (PERCUSSION)
120	81	3	Reverse Cym.	PRC (PERCUSSION)
121	81	3	Gt.FretNoise	AGT (AC.GUITAR)
122	81	3	Breath Noise	FX (SYNTH FX)
123	81	3	Seashore	SFX (SOUND FX)
124	81	3	Bird	SFX (SOUND FX)
125	81	3	Telephone 1	SFX (SOUND FX)
126	81	3	Helicopter	SFX (SOUND FX)
127	81	3	Applause	SFX (SOUND FX)
128	81	3	Gun Shot	SFX (SOUND FX)
1	81	4	Echo Piano	PNO (AC.PIANO)
2	81	4	Upright Pno	PNO (AC.PIANO)
3	81	4	RD-1000	PNO (AC.PIANO)
4	81	4	Player's EP	EP (EL.PIANO)
5	81	4	D-50 Rhodes	EP (EL.PIANO)
6	81	4	Innocent EP	EP (EL.PIANO)
7	81	4	Echo Rhodes	EP (EL.PIANO)
8	81	4	See-Thru EP	EP (EL.PIANO)
9	81	4	FM BellPiano	EP (EL.PIANO)
10	81	4	Ring E.Piano	EP (EL.PIANO)
11	81	4	Soap Opera	ORG (ORGAN)
12	81	4	Dirty Organ	ORG (ORGAN)
13	81	4	Surf's Up!	ORG (ORGAN)
14	81	4	Organesque	ORG (ORGAN)
15	81	4	pp Harmonium	ORG (ORGAN)
16	81	4	PieceOfCheez	KEY (KEYBOARDS)
17	81	4	Harpsy Clav	KEY (KEYBOARDS)
18	81	4	Exotic Velo	MLT (MALLET)
19	81	4	HolidayCheer	BEL (BELL)
20	81	4	Morning Lite	BEL (BELL)
21	81	4	Prefab Chime	BEL (BELL)
22	81	4	Belfry Chime	BEL (BELL)
23	81	4	Stacc.Heaven	BEL (BELL)
24	81	4	2.2 Bell Pad	BEL (BELL)
25	81	4	Far East	ETH (ETHNIC)
26	81	4	Wire Pad	SYN (OTHER SYNTH)
27	81	4	PhaseBlipper	SYN (OTHER SYNTH)
28	81	4	Sweep Clav	SYN (OTHER SYNTH)
29	81	4	Glider	SYN (OTHER SYNTH)
30	81	4	Solo Steel	AGT (AC.GUITAR)
31	81	4	DesertCrystl	AGT (AC.GUITAR)
32	81	4	Clear Guitar	EGT (EL.GUITAR)
33	81	4	Solo Strat	EGT (EL.GUITAR)
34	81	4	Feed Me!	DGT (DIST.GUITAR)
35	81	4	Tube Smoke	DGT (DIST.GUITAR)
36	81	4	Creamy	DGT (DIST.GUITAR)
37	81	4	Blusey OD	DGT (DIST.GUITAR)
38	81	4	Grindstone	DGT (DIST.GUITAR)
39	81	4	OD 5ths	DGT (DIST.GUITAR)
40	81	4	East Europe	PLK (PLUCKED)
41	81	4	Dulcitar	PLK (PLUCKED)
42	81	4	Atmos Harp	PLK (PLUCKED)
43	81	4	Pilgrimage	PLK (PLUCKED)
44	81	4	202 Rude Bs	SBS (SYNTH BASS)
45	81	4	2pole Bass	SBS (SYNTH BASS)
46	81	4	4pole Bass	SBS (SYNTH BASS)
47	81	4	Phaser MC	SBS (SYNTH BASS)
48	81	4	Miniphaser	SBS (SYNTH BASS)
49	81	4	Acid TB	SBS (SYNTH BASS)
50	81	4	Full Orchest	ORC (ORCHESTRA)
51	81	4	Str + Winds	ORC (ORCHESTRA)
52	81	4	Flute 2080	FLT (FLUTE)
53	81	4	Scat Flute	FLT (FLUTE)
54	81	4	Sax Choir	SAX (SAX)
55	81	4	Ballad Trump	BRS (AC.BRASS)
56	81	4	Sm.Brass Grp	BRS (AC.BRASS)
57	81	4	Royale	BRS (AC.BRASS)
58	81	4	Brass Mutes	BRS (AC.BRASS)
59	81	4	Breathy Brs	SBR (SYNTH BRASS)
60	81	4	3 Osc Brass	SBR (SYNTH BRASS)
61	81	4	P5 Polymod	SBR (SYNTH BRASS)
62	81	4	Triumph Brs	SBR (SYNTH BRASS)
63	81	4	Techno Dream	TEK (TECHNO SYNTH)
64	81	4	Organizer	TEK (TECHNO SYNTH)
65	81	4	Civilization	TEK (TECHNO SYNTH)
66	81	4	Mental Chord	TEK (TECHNO SYNTH)
67	81	4	House Chord	TEK (TECHNO SYNTH)
68	81	4	Sequalog	TEK (TECHNO SYNTH)
69	81	4	Booster Bips	TEK (TECHNO SYNTH)
70	81	4	VintagePlunk	TEK (TECHNO SYNTH)
71	81	4	Plik-Plok	TEK (TECHNO SYNTH)
72	81	4	RingSequence	TEK (TECHNO SYNTH)
73	81	4	Cyber Swing	TEK (TECHNO SYNTH)
74	81	4	Keep :-)	TEK (TECHNO SYNTH)
75	81	4	Resojuice	TEK (TECHNO SYNTH)
76	81	4	B'on d'moov!	TEK (TECHNO SYNTH)
77	81	4	Dist TB-303	TEK (TECHNO SYNTH)
78	81	4	Temple of JV	PLS (PULSATING)
79	81	4	Planet Asia	PLS (PULSATING)
80	81	4	Afterlife	PLS (PULSATING)
81	81	4	Trancing Pad	PLS (PULSATING)
82	81	4	Pulsatronic	PLS (PULSATING)
83	81	4	Cyber Dreams	PLS (PULSATING)
84	81	4	Warm Pipe	SLD (SOFT LEAD)
85	81	4	Pure Pipe	SLD (SOFT LEAD)
86	81	4	SH-2000	SLD (SOFT LEAD)
87	81	4	X..? Whistle	SLD (SOFT LEAD)
88	81	4	Jay Vee Solo	SLD (SOFT LEAD)
89	81	4	Progresso Ld	HLD (HARD LEAD)
90	81	4	Adrenaline	HLD (HARD LEAD)
91	81	4	Enlighten	VOX (VOX)
92	81	4	Glass Blower	SPD (SOFT PAD)
93	81	4	Earth Blow	SPD (SOFT PAD)
94	81	4	JX SqrCarpet	SPD (SOFT PAD)
95	81	4	Dimensional	SPD (SOFT PAD)
96	81	4	Jupiterings	SPD (SOFT PAD)
97	81	4	Analog Drama	SPD (SOFT PAD)
98	81	4	Rich Dynapad	SPD (SOFT PAD)
99	81	4	Silky Way	SPD (SOFT PAD)
100	81	4	Gluey Pad	SPD (SOFT PAD)
101	81	4	BandPass Mod	SPD (SOFT PAD)
102	81	4	Soundtraque	SPD (SOFT PAD)
103	81	4	Translucence	SPD (SOFT PAD)
104	81	4	Darkshine	SPD (SOFT PAD)
105	81	4	D'light	SPD (SOFT PAD)
106	81	4	December Sky	SPD (SOFT PAD)
107	81	4	Octapad	SPD (SOFT PAD)
108	81	4	JUNO Power!	BPD (BRIGHT PAD)
109	81	4	Spectrum Mod	BPD (BRIGHT PAD)
110	81	4	Stringsheen	BPD (BRIGHT PAD)
111	81	4	GR500 TmpDly	BPD (BRIGHT PAD)
112	81	4	Mod DirtyWav	BPD (BRIGHT PAD)
113	81	4	Silicon Str	BPD (BRIGHT PAD)
114	81	4	D50FantaPerc	BPD (BRIGHT PAD)
115	81	4	Rotodreams	BPD (BRIGHT PAD)
116	81	4	Blue Notes	CMB (COMBINATION)
117	81	4	RiversOfTime	FX (SYNTH FX)
118	81	4	Phobos	FX (SYNTH FX)
119	81	4	2 0 8 0	FX (SYNTH FX)
120	81	4	Unearthly	FX (SYNTH FX)
121	81	4	Glistening	FX (SYNTH FX)
122	81	4	Sci-Fi Str	FX (SYNTH FX)
123	81	4	Shadows	FX (SYNTH FX)
124	81	4	Helium Queen	FX (SYNTH FX)
125	81	4	Sci-Fi FX x4	FX (SYNTH FX)
126	81	4	Perky Noize	PRC (PERCUSSION)
127	81	4	Droplet	SFX (SOUND FX)
128	81	4	Rain Forest	SFX (SOUND FX)
1	80	0	Tremendously	USER
2	80	0	St.Concert	USER
3	80	0	CyberTrance2	USER
4	80	0	SessionNyln2	USER
5	80	0	ViennaStrgs3	USER
6	80	0	R&R Brass	USER
7	80	0	Velo Power	USER
8	80	0	Super Tenor	USER
9	80	0	Breathy Humz	USER
10	80	0	Ow Bass	USER
11	80	0	Dunes	USER
12	80	0	Celestial 2	USER
13	80	0	Tone Wh.Solo	USER
14	80	0	Poly Brs	USER
15	80	0	Combing Slow	USER
16	80	0	SA Rhodes 5	USER
17	80	0	Adrenaline	USER
18	80	0	DanceStack 1	USER
19	80	0	Flying Waltz	USER
20	80	0	East Europe	USER
21	80	0	Silky Way	USER
22	80	0	Techno Dream	USER
23	80	0	Raverborg	USER
24	80	0	Pan Pipes	USER
25	80	0	Pretty Bells	USER
26	80	0	Glistening	USER
27	80	0	Metal Solo	USER
28	80	0	StateXLChrd2	USER
29	80	0	Raggatronic	USER
30	80	0	ChristmasFlt	USER
31	80	0	Acc.de Paris	USER
32	80	0	DreamVoices2	USER
33	80	0	VintageCall2	USER
34	80	0	Trancing Pad	USER
35	80	0	OldiesOrgan2	USER
36	80	0	X..? Whistle	USER
37	80	0	Analog Drama	USER
38	80	0	BPF Lead	USER
39	80	0	Clean Tele	USER
40	80	0	Earth Blow	USER
41	80	0	Pulsatronic	USER
42	80	0	Funky Slap	USER
43	80	0	Echo Rhodes	USER
44	80	0	pp Harmonium	USER
45	80	0	Blue Notes	USER
46	80	0	Aurora	USER
47	80	0	Breathy Brs	USER
48	80	0	Enlighten	USER
49	80	0	Tube Smoke	USER
50	80	0	Perelandra	USER
51	80	0	SquareLead 2	USER
52	80	0	Shadows	USER
53	80	0	Organizer	USER
54	80	0	Full Orchest	USER
55	80	0	B'on d'moov!	USER
56	80	0	Sugar Bell 2	USER
57	80	0	Player's EP	USER
58	80	0	4pole Bass	USER
59	80	0	Octapad	USER
60	80	0	Tria Bells	USER
61	80	0	Wire Pad	USER
62	80	0	Singing'Mini	USER
63	80	0	Heirborne	USER
64	80	0	Trumpet	USER
65	80	0	Steel Away	USER
66	80	0	D-50 Stack	USER
67	80	0	Solo Strat	USER
68	80	0	Soap Opera	USER
69	80	0	Sop.Sax mf	USER
70	80	0	Dimensional	USER
71	80	0	Blusey OD	USER
72	80	0	Stacc.Heaven	USER
73	80	0	PhaseBlipper	USER
74	80	0	Pure Tibet	USER
75	80	0	Afterlife	USER
76	80	0	Perky B	USER
77	80	0	JUNO Power!	USER
78	80	0	SessionBrass	USER
79	80	0	JX SqrCarpet	USER
80	80	0	Phaser MC	USER
81	80	0	Sweep Clav 2	USER
82	80	0	BluesHarp	USER
83	80	0	Scat Flute	USER
84	80	0	5thPad 2	USER
85	80	0	Belfry Chime	USER
86	80	0	Atmos Harp	USER
87	80	0	DesertCrystl	USER
88	80	0	December Sky	USER
89	80	0	Upright Pno	USER
90	80	0	Darkshine	USER
91	80	0	Exotic Velo	USER
92	80	0	Atlantis 2	USER
93	80	0	Creamy	USER
94	80	0	Morning Lite	USER
95	80	0	DanceStack 5	USER
96	80	0	D50FantaPerc	USER
97	80	0	Resojuice	USER
98	80	0	Silicon Str	USER
99	80	0	Keep :-)	USER
100	80	0	Sm.Brass Grp	USER
101	80	0	Echo Piano	USER
102	80	0	HeavenlyPad	USER
103	80	0	Sequalog	USER
104	80	0	Solo Steel	USER
105	80	0	Spectrum Mod	USER
106	80	0	Delicate EP	USER
107	80	0	Triumph Brs	USER
108	80	0	Flute	USER
109	80	0	2.2 Bell Pad	USER
110	80	0	JustLovely 2	USER
111	80	0	GR500 TmpDly	USER
112	80	0	Dawn 2 Dusk	USER
113	80	0	Gluey Pad	USER
114	80	0	SquareKeys 3	USER
115	80	0	Arasian Morn	USER
116	80	0	D'light	USER
117	80	0	Perky Noize	USER
118	80	0	Mod DirtyWav	USER
119	80	0	Moving Glass	USER
120	80	0	Sci-Fi Str	USER
121	80	0	OD 5ths	USER
122	80	0	Far East	USER
123	80	0	Phobos	USER
124	80	0	Cyber Dreams	USER
125	80	0	Cave 2	USER
126	80	0	Helium Queen	USER
127	80	0	Rain Forest	USER
128	80	0	Crowds	USER
1	84	0	St.Concert	PNO (AC.PIANO)
2	84	0	9ft.Grand 1	PNO (AC.PIANO)
3	84	0	9ft.Grand 2	PNO (AC.PIANO)
4	84	0	Euro Classic	PNO (AC.PIANO)
5	84	0	St.Pno & Str	PNO (AC.PIANO)
6	84	0	Compress Pno	PNO (AC.PIANO)
7	84	0	LA Session	PNO (AC.PIANO)
8	84	0	Water Piano	PNO (AC.PIANO)
9	84	0	Vibra Rhodes	EP (EL.PIANO)
10	84	0	Stack Rhodes	EP (EL.PIANO)
11	84	0	ArcoEnsemble	STR (STRINGS)
12	84	0	Vienna Strgs	STR (STRINGS)
13	84	0	Str Adagio	STR (STRINGS)
14	84	0	Oct Strings	STR (STRINGS)
15	84	0	Silky Filter	STR (STRINGS)
16	84	0	Soft Strings	STR (STRINGS)
17	84	0	SlowStr.Sect	STR (STRINGS)
18	84	0	GiantStrings	STR (STRINGS)
19	84	0	Str+Choir 1	STR (STRINGS)
20	84	0	Str+Choir 2	STR (STRINGS)
21	84	0	Str+Choir 3	VOX (VOX)
22	84	0	Breathy Humz	VOX (VOX)
23	84	0	Dream Voices	VOX (VOX)
24	84	0	Mmmms	VOX (VOX)
25	84	0	Chorale	VOX (VOX)
26	84	0	Space Men	VOX (VOX)
27	84	0	Choir Mm+Aah	VOX (VOX)
28	84	0	Ivory Mist	VOX (VOX)
29	84	0	PercussiVox	VOX (VOX)
30	84	0	Mysteriouso	VOX (VOX)
31	84	0	Phase Mmhs	VOX (VOX)
32	84	0	AmbientStory	VOX (VOX)
33	84	0	Venus	VOX (VOX)
34	84	0	SessionBrass	BRS (AC.BRASS)
35	84	0	Port.Tpts	BRS (AC.BRASS)
36	84	0	R&R Brass	BRS (AC.BRASS)
37	84	0	Echo Brass	BRS (AC.BRASS)
38	84	0	E.Coast Brs	BRS (AC.BRASS)
39	84	0	Bop Soli	BRS (AC.BRASS)
40	84	0	Soft Saxes	SAX (SAX)
41	84	0	Orchestral	BRS (AC.BRASS)
42	84	0	Octalog Hrn	SBR (SYNTH BRASS)
43	84	0	Tpt Soloist	BRS (AC.BRASS)
44	84	0	Legato Tpt	BRS (AC.BRASS)
45	84	0	Dyno Trumpet	BRS (AC.BRASS)
46	84	0	Ethno-Trumps	BRS (AC.BRASS)
47	84	0	Super Tenor	SAX (SAX)
48	84	0	TenorExpress	SAX (SAX)
49	84	0	T.Sax f	SAX (SAX)
50	84	0	Legato Flute	FLT (FLUTE)
51	84	0	Touch Flute	FLT (FLUTE)
52	84	0	NewAge Flute	FLT (FLUTE)
53	84	0	Flute inMist	FLT (FLUTE)
54	84	0	Hybrid Flute	FLT (FLUTE)
55	84	0	Flute & Cla	FLT (FLUTE)
56	84	0	ChristmasFlt	FLT (FLUTE)
57	84	0	Fifth Flute	FLT (FLUTE)
58	84	0	Cosmic Flute	FLT (FLUTE)
59	84	0	Acc.de Paris	ACD (ACCORDION)
60	84	0	Paris 50's	ACD (ACCORDION)
61	84	0	Musette Ens	ACD (ACCORDION)
62	84	0	Montmartre	ACD (ACCORDION)
63	84	0	Sad Akordion	ACD (ACCORDION)
64	84	0	Fr.Accordion	ACD (ACCORDION)
65	84	0	Fr.Accord 2	ACD (ACCORDION)
66	84	0	Troubadour	AGT (AC.GUITAR)
67	84	0	SessionNylon	AGT (AC.GUITAR)
68	84	0	Solo Nylon 1	AGT (AC.GUITAR)
69	84	0	Solo Nylon 2	AGT (AC.GUITAR)
70	84	0	Nylon & Str	AGT (AC.GUITAR)
71	84	0	Nylon & Flt	AGT (AC.GUITAR)
72	84	0	Nylon Chord	AGT (AC.GUITAR)
73	84	0	Stratar	EGT (EL.GUITAR)
74	84	0	Clean Tele	EGT (EL.GUITAR)
75	84	0	Nashville	EGT (EL.GUITAR)
76	84	0	Super Trem	EGT (EL.GUITAR)
77	84	0	SpaghettiGtr	EGT (EL.GUITAR)
78	84	0	Duanne'sTone	EGT (EL.GUITAR)
79	84	0	Big Hair Ld	DGT (DIST.GUITAR)
80	84	0	Metal Solo	DGT (DIST.GUITAR)
81	84	0	Crunch Tone	DGT (DIST.GUITAR)
82	84	0	Overdriven	DGT (DIST.GUITAR)
83	84	0	Blues Tele	DGT (DIST.GUITAR)
84	84	0	Tube Double	DGT (DIST.GUITAR)
85	84	0	Neil's Rust	DGT (DIST.GUITAR)
86	84	0	Short Crunch	DGT (DIST.GUITAR)
87	84	0	X-Fade Metal	DGT (DIST.GUITAR)
88	84	0	Velo Power	DGT (DIST.GUITAR)
89	84	0	Phazy Chunk	DGT (DIST.GUITAR)
90	84	0	Reso Tele	EGT (EL.GUITAR)
91	84	0	Wah Wah BPM	EGT (EL.GUITAR)
92	84	0	Rock P.Bass1	BS (BASS)
93	84	0	Rock P.Bass2	BS (BASS)
94	84	0	Rock P.Bass3	BS (BASS)
95	84	0	Big Jazz Bs	BS (BASS)
96	84	0	BriteJazz Bs	BS (BASS)
97	84	0	Ch.Jazz Bs	BS (BASS)
98	84	0	Mellow Jz Bs	BS (BASS)
99	84	0	Mute E.Bs	BS (BASS)
100	84	0	Octabahn Bs	BS (BASS)
101	84	0	Slobbery Bs	SBS (SYNTH BASS)
102	84	0	Phase Worm	SBS (SYNTH BASS)
103	84	0	Euro Rave Bs	SBS (SYNTH BASS)
104	84	0	Pumpin' Bs	SBS (SYNTH BASS)
105	84	0	Tech NoBase	SBS (SYNTH BASS)
106	84	0	Bad Acid Bs	SBS (SYNTH BASS)
107	84	0	CheepEcho Bs	SBS (SYNTH BASS)
108	84	0	Manic Bs	SBS (SYNTH BASS)
109	84	0	JP6 Sqr Key	SYN (OTHER SYNTH)
110	84	0	Square drops	SYN (OTHER SYNTH)
111	84	0	Celestial	BEL (BELL)
112	84	0	Heavenly Eko	BEL (BELL)
113	84	0	JD-800 Nomad	BEL (BELL)
114	84	0	Vibrolater	BEL (BELL)
115	84	0	MartianChime	BEL (BELL)
116	84	0	Big Wet Blip	BEL (BELL)
117	84	0	Amazing Echo	SYN (OTHER SYNTH)
118	84	0	DelaySession	FX (SYNTH FX)
119	84	0	Deletex	AGT (AC.GUITAR)
120	84	0	Tarlia	BEL (BELL)
121	84	0	Mahoroba	BPD (BRIGHT PAD)
122	84	0	Eurotek Clav	HLD (HARD LEAD)
123	84	0	Dope Resoclv	TEK (TECHNO SYNTH)
124	84	0	Tekno Juno	TEK (TECHNO SYNTH)
125	84	0	Buzzzzzzzzzz	HLD (HARD LEAD)
126	84	0	Slop-a-rama	SYN (OTHER SYNTH)
127	84	0	Isn't Pretty	SYN (OTHER SYNTH)
128	84	0	Polywasp	SYN (OTHER SYNTH)
1	84	1	Quixelate	SYN (OTHER SYNTH)
2	84	1	Trangoa Wave	HLD (HARD LEAD)
3	84	1	Spiked Cheez	SYN (OTHER SYNTH)
4	84	1	Glassy Cheez	SYN (OTHER SYNTH)
5	84	1	Super 808Cow	SYN (OTHER SYNTH)
6	84	1	Arpeggiatoid	SYN (OTHER SYNTH)
7	84	1	Euro Hit 1	HIT (HIT&STAB)
8	84	1	Euro Hit 2	HIT (HIT&STAB)
9	84	1	Rave Slice	HIT (HIT&STAB)
10	84	1	Str Torture	SYN (OTHER SYNTH)
11	84	1	Juno Harpsi	SYN (OTHER SYNTH)
12	84	1	Big Mess Pad	SYN (OTHER SYNTH)
13	84	1	Harpsichoir	KEY (KEYBOARDS)
14	84	1	Echo Juno	SYN (OTHER SYNTH)
15	84	1	Phazerave	TEK (TECHNO SYNTH)
16	84	1	DanceStack 1	TEK (TECHNO SYNTH)
17	84	1	DanceStack 2	TEK (TECHNO SYNTH)
18	84	1	DanceStack 3	TEK (TECHNO SYNTH)
19	84	1	DanceStack 4	TEK (TECHNO SYNTH)
20	84	1	DanceStack 5	TEK (TECHNO SYNTH)
21	84	1	DanceStack 6	TEK (TECHNO SYNTH)
22	84	1	DanceStack 7	TEK (TECHNO SYNTH)
23	84	1	DanceStack 8	TEK (TECHNO SYNTH)
24	84	1	Eurotek Brs	TEK (TECHNO SYNTH)
25	84	1	Synergy Brs	SBR (SYNTH BRASS)
26	84	1	PortaSynthex	SYN (OTHER SYNTH)
27	84	1	Razor VCOs	SYN (OTHER SYNTH)
28	84	1	Big PWM	SYN (OTHER SYNTH)
29	84	1	Flutey Stack	SYN (OTHER SYNTH)
30	84	1	Wobbly 5th	SYN (OTHER SYNTH)
31	84	1	Tekno Square	TEK (TECHNO SYNTH)
32	84	1	Trance VoXxX	TEK (TECHNO SYNTH)
33	84	1	Random Rave	TEK (TECHNO SYNTH)
34	84	1	Raver Circus	TEK (TECHNO SYNTH)
35	84	1	Resorave	TEK (TECHNO SYNTH)
36	84	1	Flangomatic	SYN (OTHER SYNTH)
37	84	1	O-Zu-Nu	FX (SYNTH FX)
38	84	1	Sub Divided	SYN (OTHER SYNTH)
39	84	1	Ancient Sqr	SYN (OTHER SYNTH)
40	84	1	Fat Flange	SYN (OTHER SYNTH)
41	84	1	Phaze NRG	SYN (OTHER SYNTH)
42	84	1	Phase Vox	VOX (VOX)
43	84	1	Systekno	TEK (TECHNO SYNTH)
44	84	1	On the move!	HLD (HARD LEAD)
45	84	1	XP'ration	PLS (PULSATING)
46	84	1	Big Ensemble	SYN (OTHER SYNTH)
47	84	1	Lazerette	SYN (OTHER SYNTH)
48	84	1	Fazed String	SPD (SOFT PAD)
49	84	1	Combing Slow	BPD (BRIGHT PAD)
50	84	1	Jet Stack	BPD (BRIGHT PAD)
51	84	1	Phazeslopad	BPD (BRIGHT PAD)
52	84	1	Rize Mass	FX (SYNTH FX)
53	84	1	Portent	FX (SYNTH FX)
54	84	1	DCO Sweeper	FX (SYNTH FX)
55	84	1	Sweep Rain	FX (SYNTH FX)
56	84	1	Sweep Stack	FX (SYNTH FX)
57	84	1	Big Vectors	FX (SYNTH FX)
58	84	1	Poly Swell	SPD (SOFT PAD)
59	84	1	Alchemy	FX (SYNTH FX)
60	84	1	Soli-na	SYN (OTHER SYNTH)
61	84	1	90s Str Mach	SYN (OTHER SYNTH)
62	84	1	Ultra Cheez	BPD (BRIGHT PAD)
63	84	1	Juno-60 Pad	SPD (SOFT PAD)
64	84	1	Progressive	SYN (OTHER SYNTH)
65	84	1	Build-Up Syn	SYN (OTHER SYNTH)
66	84	1	Atlantis 2	FX (SYNTH FX)
67	84	1	Perelandra	FX (SYNTH FX)
68	84	1	Plutonium	FX (SYNTH FX)
69	84	1	Nautilus	FX (SYNTH FX)
70	84	1	Metal Dreams	FX (SYNTH FX)
71	84	1	Glass Clouds	FX (SYNTH FX)
72	84	1	Harmonicloud	FX (SYNTH FX)
73	84	1	Shining Veil	FX (SYNTH FX)
74	84	1	Ethereal JX	FX (SYNTH FX)
75	84	1	Striking 5th	FX (SYNTH FX)
76	84	1	Meow 5ths	FX (SYNTH FX)
77	84	1	Stepflanger	FX (SYNTH FX)
78	84	1	Happy LFOs	PLS (PULSATING)
79	84	1	Aero Insect	PLS (PULSATING)
80	84	1	Beat Sweeper	PLS (PULSATING)
81	84	1	Wormy Lead	HLD (HARD LEAD)
82	84	1	Atmo Lead	SLD (SOFT LEAD)
83	84	1	Caliolead	SLD (SOFT LEAD)
84	84	1	Tweedles	HLD (HARD LEAD)
85	84	1	Raw PWM	HLD (HARD LEAD)
86	84	1	Voc Solo 5th	SLD (SOFT LEAD)
87	84	1	Dirty Lead	HLD (HARD LEAD)
88	84	1	Boostweeper1	FX (SYNTH FX)
89	84	1	Boostweeper2	FX (SYNTH FX)
90	84	1	B3 Filth	ORG (ORGAN)
91	84	1	Phazed Organ	ORG (ORGAN)
92	84	1	VSw Vibrafon	MLT (MALLET)
93	84	1	SA Vibe	MLT (MALLET)
94	84	1	Rich Vibes	MLT (MALLET)
95	84	1	SpaceGamelan	MLT (MALLET)
96	84	1	Toy Vibe	MLT (MALLET)
97	84	1	Analog Bomb	SFX (SOUND FX)
98	84	1	Seashore 2	SFX (SOUND FX)
99	84	1	Creation	FX (SYNTH FX)
100	84	1	Cyberjunkie	FX (SYNTH FX)
101	84	1	Sci-Fi Bells	FX (SYNTH FX)
102	84	1	Shine on	FX (SYNTH FX)
103	84	1	DEMO Piano1	PNO (AC.PIANO)
104	84	1	DEMO Piano2	PNO (AC.PIANO)
105	84	1	DEMO PnoVox	PNO (AC.PIANO)
106	84	1	DEMO Str 1	STR (STRINGS)
107	84	1	DEMO Str 2	STR (STRINGS)
108	84	1	DEMO Str 3	STR (STRINGS)
109	84	1	DEMO SynPuls	PLS (PULSATING)
110	84	1	DEMO 5thPad	SPD (SOFT PAD)
111	84	1	DEMO Choir	VOX (VOX)
112	84	1	DEMO Brass	BRS (AC.BRASS)
113	84	1	DEMO Tenor	SAX (SAX)
114	84	1	DEMO Tpt	BRS (AC.BRASS)
115	84	1	DEMO Flute	FLT (FLUTE)
116	84	1	DEMO Nylon	AGT (AC.GUITAR)
117	84	1	DEMO PhaseGt	EGT (EL.GUITAR)
118	84	1	DEMO DistGt1	DGT (DIST.GUITAR)
119	84	1	DEMO DistGt2	DGT (DIST.GUITAR)
120	84	1	DEMO Strat	EGT (EL.GUITAR)
121	84	1	DEMO SlapBs	BS (BASS)
122	84	1	DEMO P.Bass	BS (BASS)
123	84	1	DEMO SynBs	SBS (SYNTH BASS)
124	84	1	DEMO SynLead	SLD (SOFT LEAD)
125	84	1	DEMO Insect	PLS (PULSATING)
126	84	1	DEMO Buzzzzz	SYN (OTHER SYNTH)
127	84	1	DEMO Crowd	SFX (SOUND FX)
